{
  "properties": {
    "connectionReferences": {
      "shared_commondataserviceforapps": {
        "runtimeSource": "embedded",
        "connection": {
          "connectionReferenceLogicalName": "crf30_sharedcommondataserviceforapps_1e2a2"
        },
        "api": {
          "name": "shared_commondataserviceforapps"
        }
      },
      "shared_eventhubs": {
        "runtimeSource": "embedded",
        "connection": {
          "connectionReferenceLogicalName": "crf30_EventHubs"
        },
        "api": {
          "name": "shared_eventhubs"
        }
      }
    },
    "definition": {
      "$schema": "https://schema.management.azure.com/providers/Microsoft.Logic/schemas/2016-06-01/workflowdefinition.json#",
      "contentVersion": "1.0.0.0",
      "parameters": {
        "$connections": {
          "defaultValue": {},
          "type": "Object"
        },
        "$authentication": {
          "defaultValue": {},
          "type": "SecureObject"
        }
      },
      "triggers": {
        "When_events_are_available_in_Event_Hub": {
          "recurrence": {
            "interval": 1,
            "frequency": "Minute"
          },
          "splitOn": "@triggerOutputs()?['body']",
          "metadata": {
            "operationMetadataId": "cd129ed4-a2b9-4bbd-bbbf-930fe3294129"
          },
          "type": "OpenApiConnection",
          "inputs": {
            "host": {
              "connectionName": "shared_eventhubs",
              "operationId": "OnNewEvents",
              "apiId": "/providers/Microsoft.PowerApps/apis/shared_eventhubs"
            },
            "parameters": {
              "eventHubName": "devicetelemetryhub",
              "contentType": "application/json",
              "consumerGroupName": "$Default",
              "maximumEventsCount": 1
            },
            "authentication": "@parameters('$authentication')"
          }
        }
      },
      "actions": {
        "Parse_JSON": {
          "runAfter": {},
          "metadata": {
            "operationMetadataId": "444f62cc-ac54-46e2-9f24-71feca94c80f"
          },
          "type": "ParseJson",
          "inputs": {
            "content": "@triggerOutputs()?['body']",
            "schema": {
              "type": "object",
              "properties": {
                "ContentData": {
                  "type": "object",
                  "properties": {
                    "battery": {
                      "type": "integer"
                    },
                    "accelerometer": {
                      "type": "object",
                      "properties": {
                        "x": {
                          "type": "number"
                        },
                        "y": {
                          "type": "number"
                        },
                        "z": {
                          "type": "number"
                        }
                      }
                    },
                    "gyroscope": {
                      "type": "object",
                      "properties": {
                        "x": {
                          "type": "number"
                        },
                        "y": {
                          "type": "number"
                        },
                        "z": {
                          "type": "number"
                        }
                      }
                    },
                    "magnetometer": {
                      "type": "object",
                      "properties": {
                        "x": {
                          "type": "number"
                        },
                        "y": {
                          "type": "number"
                        },
                        "z": {
                          "type": "number"
                        }
                      }
                    },
                    "barometer": {
                      "type": "number"
                    },
                    "geolocation": {
                      "type": "object",
                      "properties": {
                        "lon": {
                          "type": "number"
                        },
                        "lat": {
                          "type": "number"
                        },
                        "alt": {
                          "type": "number"
                        }
                      }
                    }
                  }
                },
                "Properties": {
                  "type": "object",
                  "properties": {
                    "iothub-connection-device-id": {
                      "type": "string"
                    },
                    "iothub-connection-auth-method": {
                      "type": "string"
                    },
                    "iothub-connection-auth-generation-id": {
                      "type": "string"
                    },
                    "iothub-enqueuedtime": {
                      "type": "string"
                    },
                    "iothub-message-source": {
                      "type": "string"
                    },
                    "dt-subject": {
                      "type": "string"
                    },
                    "dt-dataschema": {
                      "type": "string"
                    },
                    "x-opt-sequence-number": {
                      "type": "integer"
                    },
                    "x-opt-offset": {
                      "type": "string"
                    },
                    "x-opt-enqueued-time": {
                      "type": "string"
                    }
                  }
                },
                "SystemProperties": {
                  "type": "object",
                  "properties": {
                    "EnqueuedTimeUtc": {
                      "type": "string"
                    },
                    "Offset": {
                      "type": "string"
                    },
                    "PartitionKey": {},
                    "SequenceNumber": {
                      "type": "integer"
                    }
                  }
                }
              }
            }
          }
        },
        "Add_a_new_row": {
          "runAfter": {
            "Parse_JSON": [
              "Succeeded"
            ]
          },
          "metadata": {
            "operationMetadataId": "7fb621c1-4b3f-46c9-90fd-8c3b393a9c56"
          },
          "type": "OpenApiConnection",
          "inputs": {
            "host": {
              "connectionName": "shared_commondataserviceforapps",
              "operationId": "CreateRecord",
              "apiId": "/providers/Microsoft.PowerApps/apis/shared_commondataserviceforapps"
            },
            "parameters": {
              "entityName": "crf30_telemetries",
              "item/crf30_id": "@guid()",
              "item/crf30_barometer": "@body('Parse_JSON')?['ContentData']?['barometer']",
              "item/crf30_battery": "@body('Parse_JSON')?['ContentData']?['battery']",
              "item/crf30_deviceid": "@body('Parse_JSON')?['Properties']?['iothub-connection-device-id']",
              "item/crf30_eventtime": "@body('Parse_JSON')?['Properties']?['iothub-enqueuedtime']",
              "item/crf30_eventtype": "Telemetry",
              "item/crf30_gyrox": "@body('Parse_JSON')?['ContentData']?['gyroscope']?['x']",
              "item/crf30_gyroy": "@body('Parse_JSON')?['ContentData']?['gyroscope']?['y']",
              "item/crf30_gyroz": "@body('Parse_JSON')?['ContentData']?['gyroscope']?['z']",
              "item/crf30_lat": "@body('Parse_JSON')?['ContentData']?['geolocation']?['lat']",
              "item/crf30_long": "@body('Parse_JSON')?['ContentData']?['geolocation']?['lon']",
              "item/crf30_magnetx": "@body('Parse_JSON')?['ContentData']?['magnetometer']?['x']",
              "item/crf30_magnety": "@body('Parse_JSON')?['ContentData']?['magnetometer']?['y']",
              "item/crf30_magnetz": "@body('Parse_JSON')?['ContentData']?['magnetometer']?['z']",
              "item/crf30_modelid": "@body('Parse_JSON')?['Properties']?['dt-dataschema']"
            },
            "authentication": "@parameters('$authentication')"
          }
        }
      }
    },
    "templateName": ""
  },
  "schemaVersion": "1.0.0.0"
}